name,link
Redmi Buds 5C (M2349E1),https://cdn2.cellphones.com.vn/insecure/rs:fill:0:358/q:90/plain/https://cellphones.com.vn/media/catalog/product/t/a/tai-nghe-khong-day-xiaomi-redmi-buds-5-6.png
TOZO NC2,https://www.tozostore.com/cdn/shop/files/nc2-mian01_5000x.webp?v=1737704354
QCY Melobuds Pro,https://qcyvietnam.vn/wp-content/uploads/2024/07/melobuds-pro.png
Galaxy Buds3 Pro,https://cdn2.cellphones.com.vn/insecure/rs:fill:0:358/q:90/plain/https://cellphones.com.vn/media/catalog/product/t/a/tai-nghe-samsung-galaxy-buds-3-pro_9_.png
Pixel Buds Pro 2,https://sonpixel.vn/wp-content/uploads/2022/12/GG-Pixel-Buds-Pro-Xanh-ma.png
Galaxy Buds3,https://cdn2.cellphones.com.vn/insecure/rs:fill:0:358/q:90/plain/https://cellphones.com.vn/media/catalog/product/s/a/samsung-galaxy-buds-3_3_.png
JLab JBuds Sport ANC 4,https://www.jlab.com/cdn/shop/files/1_JBuds_Sport_ANC_4_Graphite_e0a807ba-6482-4b46-9ec8-d778b2097011.jpg?v=1720075309&width=1680
Soundcore Sport X20,https://cdn.shopify.com/s/files/1/0609/8154/3047/files/A3968Z11_TD01_V1.png?v=1721704000
Skullcandy Push ANC Active,https://product.hstatic.net/1000146770/product/tai-nghe-true-wireless-skullcandy-push-anc-active-1_69528fd62af741188085bfbccde9f521_master.jpg
Soundcore V30i,https://cdn2.cellphones.com.vn/insecure/rs:fill:0:358/q:90/plain/https://cellphones.com.vn/media/catalog/product/t/a/tai-nghe-the-thao-anker-soundcore-v30i_1_.png
Technics EAH-AZ60M2,https://cdn2.cellphones.com.vn/insecure/rs:fill:0:358/q:90/plain/https://cellphones.com.vn/media/catalog/product/t/a/tai-nghe-khong-day-xiaomi-redmi-buds-5-6.png
Cleer Arc II Standard,https://www.tozostore.com/cdn/shop/files/nc2-mian01_5000x.webp?v=1737704354
Marshall Motif II ANC,https://qcyvietnam.vn/wp-content/uploads/2024/07/melobuds-pro.png
Technics EAH-AZ80,https://cdn2.cellphones.com.vn/insecure/rs:fill:0:358/q:90/plain/https://cellphones.com.vn/media/catalog/product/t/a/tai-nghe-samsung-galaxy-buds-3-pro_9_.png
HIFIMAN TWS450,https://sonpixel.vn/wp-content/uploads/2022/12/GG-Pixel-Buds-Pro-Xanh-ma.png
Final ZE8000 MK2,https://cdn2.cellphones.com.vn/insecure/rs:fill:0:358/q:90/plain/https://cellphones.com.vn/media/catalog/product/s/a/samsung-galaxy-buds-3_3_.png
SOUNDPEATS Sonic Pro,https://www.jlab.com/cdn/shop/files/1_JBuds_Sport_ANC_4_Graphite_e0a807ba-6482-4b46-9ec8-d778b2097011.jpg?v=1720075309&width=1680
Marshall Minor IV,https://cdn.shopify.com/s/files/1/0609/8154/3047/files/A3968Z11_TD01_V1.png?v=1721704000
Razer Hammerhead True Wireless X,https://product.hstatic.net/1000146770/product/tai-nghe-true-wireless-skullcandy-push-anc-active-1_69528fd62af741188085bfbccde9f521_master.jpg
Nothing Ear (a),https://cdn2.cellphones.com.vn/insecure/rs:fill:0:358/q:90/plain/https://cellphones.com.vn/media/catalog/product/t/a/tai-nghe-the-thao-anker-soundcore-v30i_1_.png
Nothing Ear,https://cdn2.cellphones.com.vn/insecure/rs:fill:0:358/q:90/plain/https://cellphones.com.vn/media/catalog/product/t/a/tai-nghe-khong-day-xiaomi-redmi-buds-5-6.png
Beats Solo Buds,https://www.tozostore.com/cdn/shop/files/nc2-mian01_5000x.webp?v=1737704354
Moondrop Golden Ages,https://qcyvietnam.vn/wp-content/uploads/2024/07/melobuds-pro.png
Soundcore Sleep A20,https://cdn2.cellphones.com.vn/insecure/rs:fill:0:358/q:90/plain/https://cellphones.com.vn/media/catalog/product/t/a/tai-nghe-samsung-galaxy-buds-3-pro_9_.png
Fairbuds,https://sonpixel.vn/wp-content/uploads/2022/12/GG-Pixel-Buds-Pro-Xanh-ma.png
Sennheiser Momentum True Wireless 4,https://cdn2.cellphones.com.vn/insecure/rs:fill:0:358/q:90/plain/https://cellphones.com.vn/media/catalog/product/s/a/samsung-galaxy-buds-3_3_.png
Audio Technica ATH-TWX7,https://www.jlab.com/cdn/shop/files/1_JBuds_Sport_ANC_4_Graphite_e0a807ba-6482-4b46-9ec8-d778b2097011.jpg?v=1720075309&width=1680
FIIL T1 XS,https://cdn.shopify.com/s/files/1/0609/8154/3047/files/A3968Z11_TD01_V1.png?v=1721704000
Bose QuietComfort Ultra Earbuds,https://product.hstatic.net/1000146770/product/tai-nghe-true-wireless-skullcandy-push-anc-active-1_69528fd62af741188085bfbccde9f521_master.jpg
Denon PerL Pro,https://cdn2.cellphones.com.vn/insecure/rs:fill:0:358/q:90/plain/https://cellphones.com.vn/media/catalog/product/t/a/tai-nghe-the-thao-anker-soundcore-v30i_1_.png
Soundpeats Engine4,https://cdn2.cellphones.com.vn/insecure/rs:fill:0:358/q:90/plain/https://cellphones.com.vn/media/catalog/product/t/a/tai-nghe-khong-day-xiaomi-redmi-buds-5-6.png
JLab Epic Lab Edition,https://www.tozostore.com/cdn/shop/files/nc2-mian01_5000x.webp?v=1737704354
Soundpeats Air4 Lite,https://qcyvietnam.vn/wp-content/uploads/2024/07/melobuds-pro.png
Huawei FreeBuds Pro 3,https://cdn2.cellphones.com.vn/insecure/rs:fill:0:358/q:90/plain/https://cellphones.com.vn/media/catalog/product/t/a/tai-nghe-samsung-galaxy-buds-3-pro_9_.png
Montblanc MTB 03,https://sonpixel.vn/wp-content/uploads/2022/12/GG-Pixel-Buds-Pro-Xanh-ma.png
Soundcore Liberty 4 NC,https://cdn2.cellphones.com.vn/insecure/rs:fill:0:358/q:90/plain/https://cellphones.com.vn/media/catalog/product/s/a/samsung-galaxy-buds-3_3_.png
vivo TWS 3e,https://www.jlab.com/cdn/shop/files/1_JBuds_Sport_ANC_4_Graphite_e0a807ba-6482-4b46-9ec8-d778b2097011.jpg?v=1720075309&width=1680
1MORE PistonBuds Pro Q30,https://cdn.shopify.com/s/files/1/0609/8154/3047/files/A3968Z11_TD01_V1.png?v=1721704000
Soundcore VR P10,https://product.hstatic.net/1000146770/product/tai-nghe-true-wireless-skullcandy-push-anc-active-1_69528fd62af741188085bfbccde9f521_master.jpg
Sony INZONE Buds,https://cdn2.cellphones.com.vn/insecure/rs:fill:0:358/q:90/plain/https://cellphones.com.vn/media/catalog/product/t/a/tai-nghe-the-thao-anker-soundcore-v30i_1_.png
Moondrop Space Travel,https://cdn2.cellphones.com.vn/insecure/rs:fill:0:358/q:90/plain/https://cellphones.com.vn/media/catalog/product/t/a/tai-nghe-khong-day-xiaomi-redmi-buds-5-6.png
1MORE Fit Open Earbuds S50,https://www.tozostore.com/cdn/shop/files/nc2-mian01_5000x.webp?v=1737704354
Jabra Elite 8 Active,https://qcyvietnam.vn/wp-content/uploads/2024/07/melobuds-pro.png
realme Buds Air 5 Pro,https://cdn2.cellphones.com.vn/insecure/rs:fill:0:358/q:90/plain/https://cellphones.com.vn/media/catalog/product/t/a/tai-nghe-samsung-galaxy-buds-3-pro_9_.png
SoundPEATS Air4,https://sonpixel.vn/wp-content/uploads/2022/12/GG-Pixel-Buds-Pro-Xanh-ma.png
Soundcore A20i,https://cdn2.cellphones.com.vn/insecure/rs:fill:0:358/q:90/plain/https://cellphones.com.vn/media/catalog/product/s/a/samsung-galaxy-buds-3_3_.png
Jabra Elite 10,https://www.jlab.com/cdn/shop/files/1_JBuds_Sport_ANC_4_Graphite_e0a807ba-6482-4b46-9ec8-d778b2097011.jpg?v=1720075309&width=1680
"AirPods Pro (2nd generation, USB-C)",https://cdn.shopify.com/s/files/1/0609/8154/3047/files/A3968Z11_TD01_V1.png?v=1721704000
Baseus Bowie MA10 TWS,https://product.hstatic.net/1000146770/product/tai-nghe-true-wireless-skullcandy-push-anc-active-1_69528fd62af741188085bfbccde9f521_master.jpg
Soundpeats Runfree Lite,https://cdn2.cellphones.com.vn/insecure/rs:fill:0:358/q:90/plain/https://cellphones.com.vn/media/catalog/product/t/a/tai-nghe-the-thao-anker-soundcore-v30i_1_.png
OnePlus Nord Buds 2R,https://cdn2.cellphones.com.vn/insecure/rs:fill:0:358/q:90/plain/https://cellphones.com.vn/media/catalog/product/t/a/tai-nghe-khong-day-xiaomi-redmi-buds-5-6.png
vivo TWS Air Pro,https://www.tozostore.com/cdn/shop/files/nc2-mian01_5000x.webp?v=1737704354
Asus ROG Cetera True Wireless,https://qcyvietnam.vn/wp-content/uploads/2024/07/melobuds-pro.png
Echo Buds (2023),https://cdn2.cellphones.com.vn/insecure/rs:fill:0:358/q:90/plain/https://cellphones.com.vn/media/catalog/product/t/a/tai-nghe-samsung-galaxy-buds-3-pro_9_.png
Beats Studio Buds +,https://sonpixel.vn/wp-content/uploads/2022/12/GG-Pixel-Buds-Pro-Xanh-ma.png
Logitech G FITS,https://cdn2.cellphones.com.vn/insecure/rs:fill:0:358/q:90/plain/https://cellphones.com.vn/media/catalog/product/s/a/samsung-galaxy-buds-3_3_.png
Skullcandy Sesh Evo,https://www.jlab.com/cdn/shop/files/1_JBuds_Sport_ANC_4_Graphite_e0a807ba-6482-4b46-9ec8-d778b2097011.jpg?v=1720075309&width=1680
Xiaomi Air2 SE,https://cdn.shopify.com/s/files/1/0609/8154/3047/files/A3968Z11_TD01_V1.png?v=1721704000
SOUNDPEATS Life,https://product.hstatic.net/1000146770/product/tai-nghe-true-wireless-skullcandy-push-anc-active-1_69528fd62af741188085bfbccde9f521_master.jpg
Cleer Arc,https://cdn2.cellphones.com.vn/insecure/rs:fill:0:358/q:90/plain/https://cellphones.com.vn/media/catalog/product/t/a/tai-nghe-the-thao-anker-soundcore-v30i_1_.png
Baseus Bowie M2 Plus,https://cdn2.cellphones.com.vn/insecure/rs:fill:0:358/q:90/plain/https://cellphones.com.vn/media/catalog/product/t/a/tai-nghe-khong-day-xiaomi-redmi-buds-5-6.png
Cambridge Audio Melomania Touch,https://www.tozostore.com/cdn/shop/files/nc2-mian01_5000x.webp?v=1737704354
Fairphone True Wireless Stereo Earbuds,https://qcyvietnam.vn/wp-content/uploads/2024/07/melobuds-pro.png
Belkin SoundForm Flow,https://cdn2.cellphones.com.vn/insecure/rs:fill:0:358/q:90/plain/https://cellphones.com.vn/media/catalog/product/t/a/tai-nghe-samsung-galaxy-buds-3-pro_9_.png
Status Between 3ANC,https://sonpixel.vn/wp-content/uploads/2022/12/GG-Pixel-Buds-Pro-Xanh-ma.png
Baseus Encok W06,https://cdn2.cellphones.com.vn/insecure/rs:fill:0:358/q:90/plain/https://cellphones.com.vn/media/catalog/product/s/a/samsung-galaxy-buds-3_3_.png
Soundcore Life A1,https://www.jlab.com/cdn/shop/files/1_JBuds_Sport_ANC_4_Graphite_e0a807ba-6482-4b46-9ec8-d778b2097011.jpg?v=1720075309&width=1680
Sennheiser CX 400BT,https://cdn.shopify.com/s/files/1/0609/8154/3047/files/A3968Z11_TD01_V1.png?v=1721704000
SoundPEATS Air3,https://product.hstatic.net/1000146770/product/tai-nghe-true-wireless-skullcandy-push-anc-active-1_69528fd62af741188085bfbccde9f521_master.jpg
Baseus Encok WM01,https://cdn2.cellphones.com.vn/insecure/rs:fill:0:358/q:90/plain/https://cellphones.com.vn/media/catalog/product/t/a/tai-nghe-the-thao-anker-soundcore-v30i_1_.png
Haylou W1,https://cdn2.cellphones.com.vn/insecure/rs:fill:0:358/q:90/plain/https://cellphones.com.vn/media/catalog/product/t/a/tai-nghe-khong-day-xiaomi-redmi-buds-5-6.png
Haylou PurFree Buds,https://www.tozostore.com/cdn/shop/files/nc2-mian01_5000x.webp?v=1737704354
Edifier TWS1 Pro,https://qcyvietnam.vn/wp-content/uploads/2024/07/melobuds-pro.png
Redmi Buds 4,https://cdn2.cellphones.com.vn/insecure/rs:fill:0:358/q:90/plain/https://cellphones.com.vn/media/catalog/product/t/a/tai-nghe-samsung-galaxy-buds-3-pro_9_.png
Redmi Buds 4 Lite,https://sonpixel.vn/wp-content/uploads/2022/12/GG-Pixel-Buds-Pro-Xanh-ma.png
TOZO A3,https://cdn2.cellphones.com.vn/insecure/rs:fill:0:358/q:90/plain/https://cellphones.com.vn/media/catalog/product/s/a/samsung-galaxy-buds-3_3_.png
Sony WF-C700N,https://www.jlab.com/cdn/shop/files/1_JBuds_Sport_ANC_4_Graphite_e0a807ba-6482-4b46-9ec8-d778b2097011.jpg?v=1720075309&width=1680
OnePlus Nord Buds 2,https://cdn.shopify.com/s/files/1/0609/8154/3047/files/A3968Z11_TD01_V1.png?v=1721704000
Xiaomi Buds 4,https://product.hstatic.net/1000146770/product/tai-nghe-true-wireless-skullcandy-push-anc-active-1_69528fd62af741188085bfbccde9f521_master.jpg
Jabra Elite 4,https://cdn2.cellphones.com.vn/insecure/rs:fill:0:358/q:90/plain/https://cellphones.com.vn/media/catalog/product/t/a/tai-nghe-the-thao-anker-soundcore-v30i_1_.png
Huawei FreeBuds 5,https://cdn2.cellphones.com.vn/insecure/rs:fill:0:358/q:90/plain/https://cellphones.com.vn/media/catalog/product/t/a/tai-nghe-khong-day-xiaomi-redmi-buds-5-6.png
Nothing Ear (2),https://www.tozostore.com/cdn/shop/files/nc2-mian01_5000x.webp?v=1737704354
OPPO Enco Free3,https://qcyvietnam.vn/wp-content/uploads/2024/07/melobuds-pro.png
Final ZE8000,https://cdn2.cellphones.com.vn/insecure/rs:fill:0:358/q:90/plain/https://cellphones.com.vn/media/catalog/product/t/a/tai-nghe-samsung-galaxy-buds-3-pro_9_.png
JBL Wave Buds,https://sonpixel.vn/wp-content/uploads/2022/12/GG-Pixel-Buds-Pro-Xanh-ma.png
JBL Wave Beam,https://cdn2.cellphones.com.vn/insecure/rs:fill:0:358/q:90/plain/https://cellphones.com.vn/media/catalog/product/s/a/samsung-galaxy-buds-3_3_.png
SOUNDPEATS S5,https://www.jlab.com/cdn/shop/files/1_JBuds_Sport_ANC_4_Graphite_e0a807ba-6482-4b46-9ec8-d778b2097011.jpg?v=1720075309&width=1680
OnePlus Buds Pro 2 Lite,https://cdn.shopify.com/s/files/1/0609/8154/3047/files/A3968Z11_TD01_V1.png?v=1721704000
Edifier X3 (Plus),https://product.hstatic.net/1000146770/product/tai-nghe-true-wireless-skullcandy-push-anc-active-1_69528fd62af741188085bfbccde9f521_master.jpg
OPPO Enco W11,https://cdn2.cellphones.com.vn/insecure/rs:fill:0:358/q:90/plain/https://cellphones.com.vn/media/catalog/product/t/a/tai-nghe-the-thao-anker-soundcore-v30i_1_.png
SOUNDPEATS Capsule3 Pro,https://cdn2.cellphones.com.vn/insecure/rs:fill:0:358/q:90/plain/https://cellphones.com.vn/media/catalog/product/t/a/tai-nghe-khong-day-xiaomi-redmi-buds-5-6.png
TCL MOVEAUDIO Neo,https://www.tozostore.com/cdn/shop/files/nc2-mian01_5000x.webp?v=1737704354
TCL MOVEAUDIO S150,https://qcyvietnam.vn/wp-content/uploads/2024/07/melobuds-pro.png
Edifier NB2 Pro,https://cdn2.cellphones.com.vn/insecure/rs:fill:0:358/q:90/plain/https://cellphones.com.vn/media/catalog/product/t/a/tai-nghe-samsung-galaxy-buds-3-pro_9_.png
Philips Fidelio T2,https://sonpixel.vn/wp-content/uploads/2022/12/GG-Pixel-Buds-Pro-Xanh-ma.png
Master & Dynamic MW08 Sport,https://cdn2.cellphones.com.vn/insecure/rs:fill:0:358/q:90/plain/https://cellphones.com.vn/media/catalog/product/s/a/samsung-galaxy-buds-3_3_.png
OPPO Enco Air3,https://www.jlab.com/cdn/shop/files/1_JBuds_Sport_ANC_4_Graphite_e0a807ba-6482-4b46-9ec8-d778b2097011.jpg?v=1720075309&width=1680
Moondrop Alice,https://cdn.shopify.com/s/files/1/0609/8154/3047/files/A3968Z11_TD01_V1.png?v=1721704000
SOUNDPEATS Mini Pro,https://product.hstatic.net/1000146770/product/tai-nghe-true-wireless-skullcandy-push-anc-active-1_69528fd62af741188085bfbccde9f521_master.jpg
Lypertek PurePlay Z3 2.0,https://cdn2.cellphones.com.vn/insecure/rs:fill:0:358/q:90/plain/https://cellphones.com.vn/media/catalog/product/t/a/tai-nghe-the-thao-anker-soundcore-v30i_1_.png
EarFun Air Pro,https://cdn2.cellphones.com.vn/insecure/rs:fill:0:358/q:90/plain/https://cellphones.com.vn/media/catalog/product/t/a/tai-nghe-khong-day-xiaomi-redmi-buds-5-6.png
SOUNDPEATS H2,https://www.tozostore.com/cdn/shop/files/nc2-mian01_5000x.webp?v=1737704354
SOUNDPEATS Mini Pro HS,https://qcyvietnam.vn/wp-content/uploads/2024/07/melobuds-pro.png
Bowers & Wilkins Pi5 S2,https://cdn2.cellphones.com.vn/insecure/rs:fill:0:358/q:90/plain/https://cellphones.com.vn/media/catalog/product/t/a/tai-nghe-samsung-galaxy-buds-3-pro_9_.png
Bowers & Wilkins Pi7 S2,https://sonpixel.vn/wp-content/uploads/2022/12/GG-Pixel-Buds-Pro-Xanh-ma.png
QCY T21 FairyBuds,https://cdn2.cellphones.com.vn/insecure/rs:fill:0:358/q:90/plain/https://cellphones.com.vn/media/catalog/product/s/a/samsung-galaxy-buds-3_3_.png
Edifier TO-U2 mini,https://www.jlab.com/cdn/shop/files/1_JBuds_Sport_ANC_4_Graphite_e0a807ba-6482-4b46-9ec8-d778b2097011.jpg?v=1720075309&width=1680
1MORE ColorBuds 2,https://cdn.shopify.com/s/files/1/0609/8154/3047/files/A3968Z11_TD01_V1.png?v=1721704000
Soundcore Life P2i,https://product.hstatic.net/1000146770/product/tai-nghe-true-wireless-skullcandy-push-anc-active-1_69528fd62af741188085bfbccde9f521_master.jpg
NuraBuds 2,https://cdn2.cellphones.com.vn/insecure/rs:fill:0:358/q:90/plain/https://cellphones.com.vn/media/catalog/product/t/a/tai-nghe-the-thao-anker-soundcore-v30i_1_.png
Bowers & Wilkins PI5,https://cdn2.cellphones.com.vn/insecure/rs:fill:0:358/q:90/plain/https://cellphones.com.vn/media/catalog/product/t/a/tai-nghe-khong-day-xiaomi-redmi-buds-5-6.png
Yamaha TW-E3B,https://www.tozostore.com/cdn/shop/files/nc2-mian01_5000x.webp?v=1737704354
LG TONE Free FP8,https://qcyvietnam.vn/wp-content/uploads/2024/07/melobuds-pro.png
Technics EAH-AZ40,https://cdn2.cellphones.com.vn/insecure/rs:fill:0:358/q:90/plain/https://cellphones.com.vn/media/catalog/product/t/a/tai-nghe-samsung-galaxy-buds-3-pro_9_.png
QCY T6,https://sonpixel.vn/wp-content/uploads/2022/12/GG-Pixel-Buds-Pro-Xanh-ma.png
Skullcandy Grind Fuel,https://cdn2.cellphones.com.vn/insecure/rs:fill:0:358/q:90/plain/https://cellphones.com.vn/media/catalog/product/s/a/samsung-galaxy-buds-3_3_.png
TOZO Crystal Buds,https://www.jlab.com/cdn/shop/files/1_JBuds_Sport_ANC_4_Graphite_e0a807ba-6482-4b46-9ec8-d778b2097011.jpg?v=1720075309&width=1680
Logitech Zone True Wireless,https://cdn.shopify.com/s/files/1/0609/8154/3047/files/A3968Z11_TD01_V1.png?v=1721704000
EarFun Air Pro SV,https://product.hstatic.net/1000146770/product/tai-nghe-true-wireless-skullcandy-push-anc-active-1_69528fd62af741188085bfbccde9f521_master.jpg
Lypertek PurePlay Z5,https://cdn2.cellphones.com.vn/insecure/rs:fill:0:358/q:90/plain/https://cellphones.com.vn/media/catalog/product/t/a/tai-nghe-the-thao-anker-soundcore-v30i_1_.png
TOZO T9 (2022),https://cdn2.cellphones.com.vn/insecure/rs:fill:0:358/q:90/plain/https://cellphones.com.vn/media/catalog/product/t/a/tai-nghe-khong-day-xiaomi-redmi-buds-5-6.png
Galaxy Buds Pro,https://www.tozostore.com/cdn/shop/files/nc2-mian01_5000x.webp?v=1737704354
SOUNDPEATS Q,https://qcyvietnam.vn/wp-content/uploads/2024/07/melobuds-pro.png
Sennheiser CX True Wireless,https://cdn2.cellphones.com.vn/insecure/rs:fill:0:358/q:90/plain/https://cellphones.com.vn/media/catalog/product/t/a/tai-nghe-samsung-galaxy-buds-3-pro_9_.png
QCY T13,https://sonpixel.vn/wp-content/uploads/2022/12/GG-Pixel-Buds-Pro-Xanh-ma.png
Technics EAH-AZ60,https://cdn2.cellphones.com.vn/insecure/rs:fill:0:358/q:90/plain/https://cellphones.com.vn/media/catalog/product/s/a/samsung-galaxy-buds-3_3_.png
SOUNDPEATS TrueFree 2,https://www.jlab.com/cdn/shop/files/1_JBuds_Sport_ANC_4_Graphite_e0a807ba-6482-4b46-9ec8-d778b2097011.jpg?v=1720075309&width=1680
Avantree Ace M10 / Ace 130T,https://cdn.shopify.com/s/files/1/0609/8154/3047/files/A3968Z11_TD01_V1.png?v=1721704000
TOZO NC9 (2022),https://product.hstatic.net/1000146770/product/tai-nghe-true-wireless-skullcandy-push-anc-active-1_69528fd62af741188085bfbccde9f521_master.jpg
JLab GO Air POP,https://cdn2.cellphones.com.vn/insecure/rs:fill:0:358/q:90/plain/https://cellphones.com.vn/media/catalog/product/t/a/tai-nghe-the-thao-anker-soundcore-v30i_1_.png
FIIL T1 Lite,https://cdn2.cellphones.com.vn/insecure/rs:fill:0:358/q:90/plain/https://cellphones.com.vn/media/catalog/product/t/a/tai-nghe-khong-day-xiaomi-redmi-buds-5-6.png
JBL Endurance Race TWS,https://www.tozostore.com/cdn/shop/files/nc2-mian01_5000x.webp?v=1737704354
EarFun Air Pro 3,https://qcyvietnam.vn/wp-content/uploads/2024/07/melobuds-pro.png
OnePlus Buds Pro 2,https://cdn2.cellphones.com.vn/insecure/rs:fill:0:358/q:90/plain/https://cellphones.com.vn/media/catalog/product/t/a/tai-nghe-samsung-galaxy-buds-3-pro_9_.png
1MORE ColorBuds,https://sonpixel.vn/wp-content/uploads/2022/12/GG-Pixel-Buds-Pro-Xanh-ma.png
Tribit FlyBuds 3,https://cdn2.cellphones.com.vn/insecure/rs:fill:0:358/q:90/plain/https://cellphones.com.vn/media/catalog/product/s/a/samsung-galaxy-buds-3_3_.png
Tribit MoveBuds H1,https://www.jlab.com/cdn/shop/files/1_JBuds_Sport_ANC_4_Graphite_e0a807ba-6482-4b46-9ec8-d778b2097011.jpg?v=1720075309&width=1680
Huawei FreeBuds 5i,https://cdn.shopify.com/s/files/1/0609/8154/3047/files/A3968Z11_TD01_V1.png?v=1721704000
JLab Air Sport 3rd gen,https://product.hstatic.net/1000146770/product/tai-nghe-true-wireless-skullcandy-push-anc-active-1_69528fd62af741188085bfbccde9f521_master.jpg
JLab Epic Air Sport ANC 2nd gen,https://cdn2.cellphones.com.vn/insecure/rs:fill:0:358/q:90/plain/https://cellphones.com.vn/media/catalog/product/t/a/tai-nghe-the-thao-anker-soundcore-v30i_1_.png
Skullcandy Push Active,https://cdn2.cellphones.com.vn/insecure/rs:fill:0:358/q:90/plain/https://cellphones.com.vn/media/catalog/product/t/a/tai-nghe-khong-day-xiaomi-redmi-buds-5-6.png
SOUNDPEATS Sonic,https://www.tozostore.com/cdn/shop/files/nc2-mian01_5000x.webp?v=1737704354
Creative Outlier Air V3,https://qcyvietnam.vn/wp-content/uploads/2024/07/melobuds-pro.png
Creative Outlier Air V2,https://cdn2.cellphones.com.vn/insecure/rs:fill:0:358/q:90/plain/https://cellphones.com.vn/media/catalog/product/t/a/tai-nghe-samsung-galaxy-buds-3-pro_9_.png
Mpow M30,https://sonpixel.vn/wp-content/uploads/2022/12/GG-Pixel-Buds-Pro-Xanh-ma.png
Marshall Minor III,https://cdn2.cellphones.com.vn/insecure/rs:fill:0:358/q:90/plain/https://cellphones.com.vn/media/catalog/product/s/a/samsung-galaxy-buds-3_3_.png
Marshall Motif ANC,https://www.jlab.com/cdn/shop/files/1_JBuds_Sport_ANC_4_Graphite_e0a807ba-6482-4b46-9ec8-d778b2097011.jpg?v=1720075309&width=1680
Yamaha TW-ES5A Sports Earbuds,https://cdn.shopify.com/s/files/1/0609/8154/3047/files/A3968Z11_TD01_V1.png?v=1721704000
Skullcandy Dime 2,https://product.hstatic.net/1000146770/product/tai-nghe-true-wireless-skullcandy-push-anc-active-1_69528fd62af741188085bfbccde9f521_master.jpg
Philips Fidelio T1,https://cdn2.cellphones.com.vn/insecure/rs:fill:0:358/q:90/plain/https://cellphones.com.vn/media/catalog/product/t/a/tai-nghe-the-thao-anker-soundcore-v30i_1_.png
Philips T8506,https://cdn2.cellphones.com.vn/insecure/rs:fill:0:358/q:90/plain/https://cellphones.com.vn/media/catalog/product/t/a/tai-nghe-khong-day-xiaomi-redmi-buds-5-6.png
FIIL Key,https://www.tozostore.com/cdn/shop/files/nc2-mian01_5000x.webp?v=1737704354
FIIL CC nano,https://qcyvietnam.vn/wp-content/uploads/2024/07/melobuds-pro.png
Taotronics SoundLiberty 79,https://cdn2.cellphones.com.vn/insecure/rs:fill:0:358/q:90/plain/https://cellphones.com.vn/media/catalog/product/t/a/tai-nghe-samsung-galaxy-buds-3-pro_9_.png
Status Between Pro,https://sonpixel.vn/wp-content/uploads/2022/12/GG-Pixel-Buds-Pro-Xanh-ma.png
Moondrop Sparks,https://cdn2.cellphones.com.vn/insecure/rs:fill:0:358/q:90/plain/https://cellphones.com.vn/media/catalog/product/s/a/samsung-galaxy-buds-3_3_.png
Jaybird Vista,https://www.jlab.com/cdn/shop/files/1_JBuds_Sport_ANC_4_Graphite_e0a807ba-6482-4b46-9ec8-d778b2097011.jpg?v=1720075309&width=1680
Xiaomi Buds 4 Pro,https://cdn.shopify.com/s/files/1/0609/8154/3047/files/A3968Z11_TD01_V1.png?v=1721704000
Xiaomi Buds 3,https://product.hstatic.net/1000146770/product/tai-nghe-true-wireless-skullcandy-push-anc-active-1_69528fd62af741188085bfbccde9f521_master.jpg
Xiaomi Buds 3T Pro,https://cdn2.cellphones.com.vn/insecure/rs:fill:0:358/q:90/plain/https://cellphones.com.vn/media/catalog/product/t/a/tai-nghe-the-thao-anker-soundcore-v30i_1_.png
Redmi Earbuds 3 Pro,https://cdn2.cellphones.com.vn/insecure/rs:fill:0:358/q:90/plain/https://cellphones.com.vn/media/catalog/product/t/a/tai-nghe-khong-day-xiaomi-redmi-buds-5-6.png
Beoplay E8 3rd gen,https://www.tozostore.com/cdn/shop/files/nc2-mian01_5000x.webp?v=1737704354
EarFun Free 2S,https://qcyvietnam.vn/wp-content/uploads/2024/07/melobuds-pro.png
Razer Hammerhead Hyperspeed,https://cdn2.cellphones.com.vn/insecure/rs:fill:0:358/q:90/plain/https://cellphones.com.vn/media/catalog/product/t/a/tai-nghe-samsung-galaxy-buds-3-pro_9_.png
Razer Hammerhead True Wireless (2021),https://sonpixel.vn/wp-content/uploads/2022/12/GG-Pixel-Buds-Pro-Xanh-ma.png
Razer Hammerhead True Wireless Pro,https://cdn2.cellphones.com.vn/insecure/rs:fill:0:358/q:90/plain/https://cellphones.com.vn/media/catalog/product/s/a/samsung-galaxy-buds-3_3_.png
JBL Vibe 200TWS,https://www.jlab.com/cdn/shop/files/1_JBuds_Sport_ANC_4_Graphite_e0a807ba-6482-4b46-9ec8-d778b2097011.jpg?v=1720075309&width=1680
Edifier W240TN,https://cdn.shopify.com/s/files/1/0609/8154/3047/files/A3968Z11_TD01_V1.png?v=1721704000
HyperX Cloud MIX Buds,https://product.hstatic.net/1000146770/product/tai-nghe-true-wireless-skullcandy-push-anc-active-1_69528fd62af741188085bfbccde9f521_master.jpg
Huawei Freebuds Pro,https://cdn2.cellphones.com.vn/insecure/rs:fill:0:358/q:90/plain/https://cellphones.com.vn/media/catalog/product/t/a/tai-nghe-the-thao-anker-soundcore-v30i_1_.png
OPPO Enco Free2,https://cdn2.cellphones.com.vn/insecure/rs:fill:0:358/q:90/plain/https://cellphones.com.vn/media/catalog/product/t/a/tai-nghe-khong-day-xiaomi-redmi-buds-5-6.png
OPPO Enco Free,https://www.tozostore.com/cdn/shop/files/nc2-mian01_5000x.webp?v=1737704354
FIIL CC Pro,https://qcyvietnam.vn/wp-content/uploads/2024/07/melobuds-pro.png
Moondrop Nekocake (2021),https://cdn2.cellphones.com.vn/insecure/rs:fill:0:358/q:90/plain/https://cellphones.com.vn/media/catalog/product/t/a/tai-nghe-samsung-galaxy-buds-3-pro_9_.png
Skullcandy Grind,https://sonpixel.vn/wp-content/uploads/2022/12/GG-Pixel-Buds-Pro-Xanh-ma.png
Skullcandy Indy ANC,https://cdn2.cellphones.com.vn/insecure/rs:fill:0:358/q:90/plain/https://cellphones.com.vn/media/catalog/product/s/a/samsung-galaxy-buds-3_3_.png
Mpow Flame Lite,https://www.jlab.com/cdn/shop/files/1_JBuds_Sport_ANC_4_Graphite_e0a807ba-6482-4b46-9ec8-d778b2097011.jpg?v=1720075309&width=1680
NuraTrue Pro,https://cdn.shopify.com/s/files/1/0609/8154/3047/files/A3968Z11_TD01_V1.png?v=1721704000
vivo TWS 3 Pro,https://product.hstatic.net/1000146770/product/tai-nghe-true-wireless-skullcandy-push-anc-active-1_69528fd62af741188085bfbccde9f521_master.jpg
vivo TWS 3,https://cdn2.cellphones.com.vn/insecure/rs:fill:0:358/q:90/plain/https://cellphones.com.vn/media/catalog/product/t/a/tai-nghe-the-thao-anker-soundcore-v30i_1_.png
Bose Sport Open Earbuds,https://cdn2.cellphones.com.vn/insecure/rs:fill:0:358/q:90/plain/https://cellphones.com.vn/media/catalog/product/t/a/tai-nghe-khong-day-xiaomi-redmi-buds-5-6.png
Soundcore Liberty Neo,https://www.tozostore.com/cdn/shop/files/nc2-mian01_5000x.webp?v=1737704354
SOUNDPEATS Free2 Classic,https://qcyvietnam.vn/wp-content/uploads/2024/07/melobuds-pro.png
Tranya F4,https://cdn2.cellphones.com.vn/insecure/rs:fill:0:358/q:90/plain/https://cellphones.com.vn/media/catalog/product/t/a/tai-nghe-samsung-galaxy-buds-3-pro_9_.png
Soundcore Life A3i,https://sonpixel.vn/wp-content/uploads/2022/12/GG-Pixel-Buds-Pro-Xanh-ma.png
JBL Vibe 100TWS,https://cdn2.cellphones.com.vn/insecure/rs:fill:0:358/q:90/plain/https://cellphones.com.vn/media/catalog/product/s/a/samsung-galaxy-buds-3_3_.png
Jabra Elite 5,https://www.jlab.com/cdn/shop/files/1_JBuds_Sport_ANC_4_Graphite_e0a807ba-6482-4b46-9ec8-d778b2097011.jpg?v=1720075309&width=1680
Mpow MDots,https://cdn.shopify.com/s/files/1/0609/8154/3047/files/A3968Z11_TD01_V1.png?v=1721704000
Jabra Elite 4 Active,https://product.hstatic.net/1000146770/product/tai-nghe-true-wireless-skullcandy-push-anc-active-1_69528fd62af741188085bfbccde9f521_master.jpg
Skullcandy Sesh ANC,https://cdn2.cellphones.com.vn/insecure/rs:fill:0:358/q:90/plain/https://cellphones.com.vn/media/catalog/product/t/a/tai-nghe-the-thao-anker-soundcore-v30i_1_.png
JBL Tune 230NC,https://cdn2.cellphones.com.vn/insecure/rs:fill:0:358/q:90/plain/https://cellphones.com.vn/media/catalog/product/t/a/tai-nghe-khong-day-xiaomi-redmi-buds-5-6.png
FIIL CC Pro2,https://www.tozostore.com/cdn/shop/files/nc2-mian01_5000x.webp?v=1737704354
Skullcandy Indy Evo,https://qcyvietnam.vn/wp-content/uploads/2024/07/melobuds-pro.png
SOUNDPEATS T3,https://cdn2.cellphones.com.vn/insecure/rs:fill:0:358/q:90/plain/https://cellphones.com.vn/media/catalog/product/t/a/tai-nghe-samsung-galaxy-buds-3-pro_9_.png
SOUNDPEATS T2,https://sonpixel.vn/wp-content/uploads/2022/12/GG-Pixel-Buds-Pro-Xanh-ma.png
Realme Buds Air Pro,https://cdn2.cellphones.com.vn/insecure/rs:fill:0:358/q:90/plain/https://cellphones.com.vn/media/catalog/product/s/a/samsung-galaxy-buds-3_3_.png
1MORE ComfoBuds Mini,https://www.jlab.com/cdn/shop/files/1_JBuds_Sport_ANC_4_Graphite_e0a807ba-6482-4b46-9ec8-d778b2097011.jpg?v=1720075309&width=1680
1MORE True Wireless Active Noise Cancelling In-Ear Headphones,https://cdn.shopify.com/s/files/1/0609/8154/3047/files/A3968Z11_TD01_V1.png?v=1721704000
1MORE ComfoBuds Pro,https://product.hstatic.net/1000146770/product/tai-nghe-true-wireless-skullcandy-push-anc-active-1_69528fd62af741188085bfbccde9f521_master.jpg
Realme Buds Air 3S,https://cdn2.cellphones.com.vn/insecure/rs:fill:0:358/q:90/plain/https://cellphones.com.vn/media/catalog/product/t/a/tai-nghe-the-thao-anker-soundcore-v30i_1_.png
Jabra Elite 75t,https://cdn2.cellphones.com.vn/insecure/rs:fill:0:358/q:90/plain/https://cellphones.com.vn/media/catalog/product/t/a/tai-nghe-khong-day-xiaomi-redmi-buds-5-6.png
HIFIMAN TWS800,https://www.tozostore.com/cdn/shop/files/nc2-mian01_5000x.webp?v=1737704354
JBL Quantum TWS,https://qcyvietnam.vn/wp-content/uploads/2024/07/melobuds-pro.png
SOUNDPEATS Air3 Deluxe HS,https://cdn2.cellphones.com.vn/insecure/rs:fill:0:358/q:90/plain/https://cellphones.com.vn/media/catalog/product/t/a/tai-nghe-samsung-galaxy-buds-3-pro_9_.png
SOUNDPEATS Air3 Pro,https://sonpixel.vn/wp-content/uploads/2022/12/GG-Pixel-Buds-Pro-Xanh-ma.png
Taotronics SoundLiberty 97,https://cdn2.cellphones.com.vn/insecure/rs:fill:0:358/q:90/plain/https://cellphones.com.vn/media/catalog/product/s/a/samsung-galaxy-buds-3_3_.png
LG TONE Free T60,https://www.jlab.com/cdn/shop/files/1_JBuds_Sport_ANC_4_Graphite_e0a807ba-6482-4b46-9ec8-d778b2097011.jpg?v=1720075309&width=1680
Soundcore Life P3i,https://cdn.shopify.com/s/files/1/0609/8154/3047/files/A3968Z11_TD01_V1.png?v=1721704000
JBL Tune 130NC,https://product.hstatic.net/1000146770/product/tai-nghe-true-wireless-skullcandy-push-anc-active-1_69528fd62af741188085bfbccde9f521_master.jpg
JBL Live Pro 2,https://cdn2.cellphones.com.vn/insecure/rs:fill:0:358/q:90/plain/https://cellphones.com.vn/media/catalog/product/t/a/tai-nghe-the-thao-anker-soundcore-v30i_1_.png
Mpow M12,https://cdn2.cellphones.com.vn/insecure/rs:fill:0:358/q:90/plain/https://cellphones.com.vn/media/catalog/product/t/a/tai-nghe-khong-day-xiaomi-redmi-buds-5-6.png
JBL Endurance Peak II,https://www.tozostore.com/cdn/shop/files/nc2-mian01_5000x.webp?v=1737704354
Edifier W200T mini,https://qcyvietnam.vn/wp-content/uploads/2024/07/melobuds-pro.png
Jabra Elite 85t,https://cdn2.cellphones.com.vn/insecure/rs:fill:0:358/q:90/plain/https://cellphones.com.vn/media/catalog/product/t/a/tai-nghe-samsung-galaxy-buds-3-pro_9_.png
JBL Reflect Flow Pro,https://sonpixel.vn/wp-content/uploads/2022/12/GG-Pixel-Buds-Pro-Xanh-ma.png
Sony WF-1000XM3,https://cdn2.cellphones.com.vn/insecure/rs:fill:0:358/q:90/plain/https://cellphones.com.vn/media/catalog/product/s/a/samsung-galaxy-buds-3_3_.png
JLab JBuds Air Pro,https://www.jlab.com/cdn/shop/files/1_JBuds_Sport_ANC_4_Graphite_e0a807ba-6482-4b46-9ec8-d778b2097011.jpg?v=1720075309&width=1680
Cambridge Audio Melomania 1+,https://cdn.shopify.com/s/files/1/0609/8154/3047/files/A3968Z11_TD01_V1.png?v=1721704000
KZ S2,https://product.hstatic.net/1000146770/product/tai-nghe-true-wireless-skullcandy-push-anc-active-1_69528fd62af741188085bfbccde9f521_master.jpg
Audio-Technica ATH-TWX9,https://cdn2.cellphones.com.vn/insecure/rs:fill:0:358/q:90/plain/https://cellphones.com.vn/media/catalog/product/t/a/tai-nghe-the-thao-anker-soundcore-v30i_1_.png
Omthing (1MORE) Airfree 2,https://cdn2.cellphones.com.vn/insecure/rs:fill:0:358/q:90/plain/https://cellphones.com.vn/media/catalog/product/t/a/tai-nghe-khong-day-xiaomi-redmi-buds-5-6.png
Omthing (1MORE) Airfree Buds,https://www.tozostore.com/cdn/shop/files/nc2-mian01_5000x.webp?v=1737704354
QCY T17S,https://qcyvietnam.vn/wp-content/uploads/2024/07/melobuds-pro.png
EarFun Air (2022),https://cdn2.cellphones.com.vn/insecure/rs:fill:0:358/q:90/plain/https://cellphones.com.vn/media/catalog/product/t/a/tai-nghe-samsung-galaxy-buds-3-pro_9_.png
Edifier NeoBuds S,https://sonpixel.vn/wp-content/uploads/2022/12/GG-Pixel-Buds-Pro-Xanh-ma.png
Taotronics SoundLiberty 95,https://cdn2.cellphones.com.vn/insecure/rs:fill:0:358/q:90/plain/https://cellphones.com.vn/media/catalog/product/s/a/samsung-galaxy-buds-3_3_.png
Sennheiser CX Plus True Wireless,https://www.jlab.com/cdn/shop/files/1_JBuds_Sport_ANC_4_Graphite_e0a807ba-6482-4b46-9ec8-d778b2097011.jpg?v=1720075309&width=1680
Sennheiser SPORT True Wireless,https://cdn.shopify.com/s/files/1/0609/8154/3047/files/A3968Z11_TD01_V1.png?v=1721704000
Soundcore Sleep A10,https://product.hstatic.net/1000146770/product/tai-nghe-true-wireless-skullcandy-push-anc-active-1_69528fd62af741188085bfbccde9f521_master.jpg
Klipsch T5 II True Wireless ANC,https://cdn2.cellphones.com.vn/insecure/rs:fill:0:358/q:90/plain/https://cellphones.com.vn/media/catalog/product/t/a/tai-nghe-the-thao-anker-soundcore-v30i_1_.png
Klipsch T5 II True Wireless,https://cdn2.cellphones.com.vn/insecure/rs:fill:0:358/q:90/plain/https://cellphones.com.vn/media/catalog/product/t/a/tai-nghe-khong-day-xiaomi-redmi-buds-5-6.png
AKG N400NC TWS,https://www.tozostore.com/cdn/shop/files/nc2-mian01_5000x.webp?v=1737704354
Xiaomi Buds 3 Pro,https://qcyvietnam.vn/wp-content/uploads/2024/07/melobuds-pro.png
Redmi Buds 4 Pro,https://cdn2.cellphones.com.vn/insecure/rs:fill:0:358/q:90/plain/https://cellphones.com.vn/media/catalog/product/t/a/tai-nghe-samsung-galaxy-buds-3-pro_9_.png
Edifier NeoBuds Pro,https://sonpixel.vn/wp-content/uploads/2022/12/GG-Pixel-Buds-Pro-Xanh-ma.png
OPPO Enco X2,https://cdn2.cellphones.com.vn/insecure/rs:fill:0:358/q:90/plain/https://cellphones.com.vn/media/catalog/product/s/a/samsung-galaxy-buds-3_3_.png
Tranya M10B,https://www.jlab.com/cdn/shop/files/1_JBuds_Sport_ANC_4_Graphite_e0a807ba-6482-4b46-9ec8-d778b2097011.jpg?v=1720075309&width=1680
Tranya T10B,https://cdn.shopify.com/s/files/1/0609/8154/3047/files/A3968Z11_TD01_V1.png?v=1721704000
Calcini SweatPro 3,https://product.hstatic.net/1000146770/product/tai-nghe-true-wireless-skullcandy-push-anc-active-1_69528fd62af741188085bfbccde9f521_master.jpg
NuraBuds,https://cdn2.cellphones.com.vn/insecure/rs:fill:0:358/q:90/plain/https://cellphones.com.vn/media/catalog/product/t/a/tai-nghe-the-thao-anker-soundcore-v30i_1_.png
NuraTrue,https://cdn2.cellphones.com.vn/insecure/rs:fill:0:358/q:90/plain/https://cellphones.com.vn/media/catalog/product/t/a/tai-nghe-khong-day-xiaomi-redmi-buds-5-6.png
Bose Sport Earbuds,https://www.tozostore.com/cdn/shop/files/nc2-mian01_5000x.webp?v=1737704354
OPPO Enco Buds,https://qcyvietnam.vn/wp-content/uploads/2024/07/melobuds-pro.png
AirPods (2nd generation),https://cdn2.cellphones.com.vn/insecure/rs:fill:0:358/q:90/plain/https://cellphones.com.vn/media/catalog/product/t/a/tai-nghe-samsung-galaxy-buds-3-pro_9_.png
1MORE PistonBuds Pro,https://sonpixel.vn/wp-content/uploads/2022/12/GG-Pixel-Buds-Pro-Xanh-ma.png
Beoplay EX,https://cdn2.cellphones.com.vn/insecure/rs:fill:0:358/q:90/plain/https://cellphones.com.vn/media/catalog/product/s/a/samsung-galaxy-buds-3_3_.png
Belkin Soundform Immerse,https://www.jlab.com/cdn/shop/files/1_JBuds_Sport_ANC_4_Graphite_e0a807ba-6482-4b46-9ec8-d778b2097011.jpg?v=1720075309&width=1680
Ugreen HiTune X6,https://cdn.shopify.com/s/files/1/0609/8154/3047/files/A3968Z11_TD01_V1.png?v=1721704000
1MORE Evo,https://product.hstatic.net/1000146770/product/tai-nghe-true-wireless-skullcandy-push-anc-active-1_69528fd62af741188085bfbccde9f521_master.jpg
Earfun Air Pro 2,https://cdn2.cellphones.com.vn/insecure/rs:fill:0:358/q:90/plain/https://cellphones.com.vn/media/catalog/product/t/a/tai-nghe-the-thao-anker-soundcore-v30i_1_.png
Earfun Free Pro,https://cdn2.cellphones.com.vn/insecure/rs:fill:0:358/q:90/plain/https://cellphones.com.vn/media/catalog/product/t/a/tai-nghe-khong-day-xiaomi-redmi-buds-5-6.png
Beoplay EQ,https://www.tozostore.com/cdn/shop/files/nc2-mian01_5000x.webp?v=1737704354
Beoplay E8 Sport,https://qcyvietnam.vn/wp-content/uploads/2024/07/melobuds-pro.png
OnePlus Nord Buds CE,https://cdn2.cellphones.com.vn/insecure/rs:fill:0:358/q:90/plain/https://cellphones.com.vn/media/catalog/product/t/a/tai-nghe-samsung-galaxy-buds-3-pro_9_.png
Earfun Free Pro 2,https://sonpixel.vn/wp-content/uploads/2022/12/GG-Pixel-Buds-Pro-Xanh-ma.png
Soundcore Liberty Air 2 Pro,https://cdn2.cellphones.com.vn/insecure/rs:fill:0:358/q:90/plain/https://cellphones.com.vn/media/catalog/product/s/a/samsung-galaxy-buds-3_3_.png
Soundcore Life P2,https://www.jlab.com/cdn/shop/files/1_JBuds_Sport_ANC_4_Graphite_e0a807ba-6482-4b46-9ec8-d778b2097011.jpg?v=1720075309&width=1680
JBL Tune 220TWS,https://cdn.shopify.com/s/files/1/0609/8154/3047/files/A3968Z11_TD01_V1.png?v=1721704000
EarFun Air S,https://product.hstatic.net/1000146770/product/tai-nghe-true-wireless-skullcandy-push-anc-active-1_69528fd62af741188085bfbccde9f521_master.jpg
Soundcore Life A2 NC,https://cdn2.cellphones.com.vn/insecure/rs:fill:0:358/q:90/plain/https://cellphones.com.vn/media/catalog/product/t/a/tai-nghe-the-thao-anker-soundcore-v30i_1_.png
Soundcore Life Dot 2,https://cdn2.cellphones.com.vn/insecure/rs:fill:0:358/q:90/plain/https://cellphones.com.vn/media/catalog/product/t/a/tai-nghe-khong-day-xiaomi-redmi-buds-5-6.png
Soundcore Liberty 2 Pro,https://www.tozostore.com/cdn/shop/files/nc2-mian01_5000x.webp?v=1737704354
Surface Earbuds,https://qcyvietnam.vn/wp-content/uploads/2024/07/melobuds-pro.png
Soundcore Space A40,https://cdn2.cellphones.com.vn/insecure/rs:fill:0:358/q:90/plain/https://cellphones.com.vn/media/catalog/product/t/a/tai-nghe-samsung-galaxy-buds-3-pro_9_.png
SOUNDPEATS Air3 Deluxe,https://sonpixel.vn/wp-content/uploads/2022/12/GG-Pixel-Buds-Pro-Xanh-ma.png
Jabra Elite 7 Active,https://cdn2.cellphones.com.vn/insecure/rs:fill:0:358/q:90/plain/https://cellphones.com.vn/media/catalog/product/s/a/samsung-galaxy-buds-3_3_.png
Jabra Elite 7 Pro,https://www.jlab.com/cdn/shop/files/1_JBuds_Sport_ANC_4_Graphite_e0a807ba-6482-4b46-9ec8-d778b2097011.jpg?v=1720075309&width=1680
Echo Buds (2nd Gen),https://cdn.shopify.com/s/files/1/0609/8154/3047/files/A3968Z11_TD01_V1.png?v=1721704000
Soundcore Life Note 3S,https://product.hstatic.net/1000146770/product/tai-nghe-true-wireless-skullcandy-push-anc-active-1_69528fd62af741188085bfbccde9f521_master.jpg
JLab Epic Air Sport ANC,https://cdn2.cellphones.com.vn/insecure/rs:fill:0:358/q:90/plain/https://cellphones.com.vn/media/catalog/product/t/a/tai-nghe-the-thao-anker-soundcore-v30i_1_.png
OnePlus Buds Pro,https://cdn2.cellphones.com.vn/insecure/rs:fill:0:358/q:90/plain/https://cellphones.com.vn/media/catalog/product/t/a/tai-nghe-khong-day-xiaomi-redmi-buds-5-6.png
Jabra Elite 3,https://www.tozostore.com/cdn/shop/files/nc2-mian01_5000x.webp?v=1737704354
MOMENTUM True Wireless 3,https://qcyvietnam.vn/wp-content/uploads/2024/07/melobuds-pro.png
JBL Live 300TWS,https://cdn2.cellphones.com.vn/insecure/rs:fill:0:358/q:90/plain/https://cellphones.com.vn/media/catalog/product/t/a/tai-nghe-samsung-galaxy-buds-3-pro_9_.png
Sony WF-C500,https://sonpixel.vn/wp-content/uploads/2022/12/GG-Pixel-Buds-Pro-Xanh-ma.png
Audio-Technica ATH-SQ1TW,https://cdn2.cellphones.com.vn/insecure/rs:fill:0:358/q:90/plain/https://cellphones.com.vn/media/catalog/product/s/a/samsung-galaxy-buds-3_3_.png
Bose QuietComfort Earbuds II,https://www.jlab.com/cdn/shop/files/1_JBuds_Sport_ANC_4_Graphite_e0a807ba-6482-4b46-9ec8-d778b2097011.jpg?v=1720075309&width=1680
Redmi Buds 3 Pro,https://cdn.shopify.com/s/files/1/0609/8154/3047/files/A3968Z11_TD01_V1.png?v=1721704000
MOMENTUM True Wireless 2,https://product.hstatic.net/1000146770/product/tai-nghe-true-wireless-skullcandy-push-anc-active-1_69528fd62af741188085bfbccde9f521_master.jpg
iQ budz 07,https://cdn2.cellphones.com.vn/insecure/rs:fill:0:358/q:90/plain/https://cellphones.com.vn/media/catalog/product/t/a/tai-nghe-the-thao-anker-soundcore-v30i_1_.png
Beats Studio Buds,https://cdn2.cellphones.com.vn/insecure/rs:fill:0:358/q:90/plain/https://cellphones.com.vn/media/catalog/product/t/a/tai-nghe-khong-day-xiaomi-redmi-buds-5-6.png
Powerbeats Pro,https://www.tozostore.com/cdn/shop/files/nc2-mian01_5000x.webp?v=1737704354
Soundcore Sport X10,https://qcyvietnam.vn/wp-content/uploads/2024/07/melobuds-pro.png
Mpow X3 (version 2),https://cdn2.cellphones.com.vn/insecure/rs:fill:0:358/q:90/plain/https://cellphones.com.vn/media/catalog/product/t/a/tai-nghe-samsung-galaxy-buds-3-pro_9_.png
Mpow M5/T5,https://sonpixel.vn/wp-content/uploads/2022/12/GG-Pixel-Buds-Pro-Xanh-ma.png
Sony LinkBuds,https://cdn2.cellphones.com.vn/insecure/rs:fill:0:358/q:90/plain/https://cellphones.com.vn/media/catalog/product/s/a/samsung-galaxy-buds-3_3_.png
Sony LinkBuds S,https://www.jlab.com/cdn/shop/files/1_JBuds_Sport_ANC_4_Graphite_e0a807ba-6482-4b46-9ec8-d778b2097011.jpg?v=1720075309&width=1680
Soundcore Liberty 3 Pro,https://cdn.shopify.com/s/files/1/0609/8154/3047/files/A3968Z11_TD01_V1.png?v=1721704000
1MORE Aero,https://product.hstatic.net/1000146770/product/tai-nghe-true-wireless-skullcandy-push-anc-active-1_69528fd62af741188085bfbccde9f521_master.jpg
Bowers & Wilkins PI7,https://cdn2.cellphones.com.vn/insecure/rs:fill:0:358/q:90/plain/https://cellphones.com.vn/media/catalog/product/t/a/tai-nghe-the-thao-anker-soundcore-v30i_1_.png
Beyerdynamic Free Byrd,https://cdn2.cellphones.com.vn/insecure/rs:fill:0:358/q:90/plain/https://cellphones.com.vn/media/catalog/product/t/a/tai-nghe-khong-day-xiaomi-redmi-buds-5-6.png
OnePlus Nord Buds,https://www.tozostore.com/cdn/shop/files/nc2-mian01_5000x.webp?v=1737704354
LG TONE Free T90,https://qcyvietnam.vn/wp-content/uploads/2024/07/melobuds-pro.png
Galaxy Buds2 Pro,https://cdn2.cellphones.com.vn/insecure/rs:fill:0:358/q:90/plain/https://cellphones.com.vn/media/catalog/product/t/a/tai-nghe-samsung-galaxy-buds-3-pro_9_.png
Jabra Elite 65t,https://sonpixel.vn/wp-content/uploads/2022/12/GG-Pixel-Buds-Pro-Xanh-ma.png
Sony WF-1000XM4,https://cdn2.cellphones.com.vn/insecure/rs:fill:0:358/q:90/plain/https://cellphones.com.vn/media/catalog/product/s/a/samsung-galaxy-buds-3_3_.png
Galaxy Buds2,https://www.jlab.com/cdn/shop/files/1_JBuds_Sport_ANC_4_Graphite_e0a807ba-6482-4b46-9ec8-d778b2097011.jpg?v=1720075309&width=1680
Galaxy Buds Live,https://cdn.shopify.com/s/files/1/0609/8154/3047/files/A3968Z11_TD01_V1.png?v=1721704000
Galaxy Buds+,https://product.hstatic.net/1000146770/product/tai-nghe-true-wireless-skullcandy-push-anc-active-1_69528fd62af741188085bfbccde9f521_master.jpg
Soundcore Life P3,https://cdn2.cellphones.com.vn/insecure/rs:fill:0:358/q:90/plain/https://cellphones.com.vn/media/catalog/product/t/a/tai-nghe-the-thao-anker-soundcore-v30i_1_.png
Soundcore Liberty 4,https://cdn2.cellphones.com.vn/insecure/rs:fill:0:358/q:90/plain/https://cellphones.com.vn/media/catalog/product/t/a/tai-nghe-khong-day-xiaomi-redmi-buds-5-6.png
AirPods (3rd generation),https://www.tozostore.com/cdn/shop/files/nc2-mian01_5000x.webp?v=1737704354
OnePlus Buds Z2,https://qcyvietnam.vn/wp-content/uploads/2024/07/melobuds-pro.png
OnePlus Buds Z,https://cdn2.cellphones.com.vn/insecure/rs:fill:0:358/q:90/plain/https://cellphones.com.vn/media/catalog/product/t/a/tai-nghe-samsung-galaxy-buds-3-pro_9_.png
OnePlus Buds,https://sonpixel.vn/wp-content/uploads/2022/12/GG-Pixel-Buds-Pro-Xanh-ma.png
Jaybird Vista 2,https://cdn2.cellphones.com.vn/insecure/rs:fill:0:358/q:90/plain/https://cellphones.com.vn/media/catalog/product/s/a/samsung-galaxy-buds-3_3_.png
Nothing Ear (stick),https://www.jlab.com/cdn/shop/files/1_JBuds_Sport_ANC_4_Graphite_e0a807ba-6482-4b46-9ec8-d778b2097011.jpg?v=1720075309&width=1680
Nothing Ear (1),https://cdn.shopify.com/s/files/1/0609/8154/3047/files/A3968Z11_TD01_V1.png?v=1721704000
Pixel Buds Pro,https://product.hstatic.net/1000146770/product/tai-nghe-true-wireless-skullcandy-push-anc-active-1_69528fd62af741188085bfbccde9f521_master.jpg
Pixel Buds A,https://cdn2.cellphones.com.vn/insecure/rs:fill:0:358/q:90/plain/https://cellphones.com.vn/media/catalog/product/t/a/tai-nghe-the-thao-anker-soundcore-v30i_1_.png
"AirPods Pro (2nd generation, Lightning)",https://cdn2.cellphones.com.vn/insecure/rs:fill:0:358/q:90/plain/https://cellphones.com.vn/media/catalog/product/t/a/tai-nghe-khong-day-xiaomi-redmi-buds-5-6.png
Beats Fit Pro,https://www.tozostore.com/cdn/shop/files/nc2-mian01_5000x.webp?v=1737704354
